{"val loss":0.814042236328125,"_timestamp":1.7376309921378105e+09,"_runtime":300.657667247,"_step":99,"train loss":0.027992018946894893,"_wandb":{"runtime":302}}