{"_runtime":241.13109062,"_step":99,"train loss":0.2637182371351454,"val loss":0.2959692179361979,"_wandb":{"runtime":249},"_timestamp":1.7375269923054297e+09}