{"_timestamp":1.737528335717442e+09,"_runtime":268.586664213,"_step":110,"_wandb":{"runtime":269},"train loss":0.4878337492766204,"val loss":0.42069490559895834}