{"_wandb":{"runtime":143},"_step":99,"train loss":0.18842445882161457,"val loss":0.2914745381673177,"_timestamp":1.7375288657965555e+09,"_runtime":140.296683991}