{"val loss":1.1211768391927084,"_timestamp":1.7376403417371743e+09,"_wandb":{"runtime":201},"_runtime":200.124689655,"_step":99,"train loss":1.4417285246672453}