{"_runtime":100.551737622,"_step":99,"_wandb":{"runtime":101},"train loss":0.4417907533998843,"val loss":0.3881884358723958,"_timestamp":1.737623557306193e+09}