{"val loss":0.5019339192708333,"_timestamp":1.7376240057187414e+09,"_runtime":274.218503965,"_step":99,"train loss":0.5321916277850116,"_wandb":{"runtime":275}}