{"_runtime":103.4087824,"_wandb":{"runtime":106},"_step":99,"train loss":0.16416824425591364,"val loss":0.3151209208170573,"_timestamp":1.7375290850133705e+09}