{"_timestamp":1.737645103569794e+09,"_runtime":180.603344095,"_wandb":{"runtime":181},"_step":99,"train loss":0.261999274359809,"val loss":0.3213319091796875}