{"_wandb":{"runtime":514},"_timestamp":1.737487013864483e+09,"_runtime":442.213936639,"_step":99,"train loss":0.41813362065068,"val loss":0.458903310139974}