{"_timestamp":1.7376465661905162e+09,"_runtime":194.998679019,"_step":99,"_wandb":{"runtime":196},"train loss":0.2692472782841435,"val loss":0.3168640340169271}