{"_wandb":{"runtime":146},"train loss":1.2448647822627315,"val loss":0.94236865234375,"_timestamp":1.737640132909474e+09,"_runtime":145.340793604,"_step":99}