{"_runtime":365.013093472,"_wandb":{"runtime":931},"_step":99,"train loss":0.16775270617449725,"val loss":0.48220409138997394,"_timestamp":1.7374874745592344e+09}