{"val loss":0.33119108072916664,"_timestamp":1.7376305081279867e+09,"_runtime":171.850331759,"_step":99,"_wandb":{"runtime":172},"train loss":0.21259551549840858}