{"_step":9,"train loss":0.6011465798837167,"_wandb":{"runtime":22},"val loss":0.48831650797526044,"_timestamp":1.7375298543012152e+09,"_runtime":21.919220602}