{"_wandb":{"runtime":146},"val loss":0.3788756917317708,"_timestamp":1.7375273418130887e+09,"_runtime":141.225151581,"_step":99,"train loss":0.42226874909577544}