{"val loss":0.8542534993489583,"_timestamp":1.7376290087484138e+09,"_runtime":4993.317312062,"_step":99,"_wandb":{"runtime":5012},"train loss":0.9241777886284722}