{"_timestamp":1.7376463622195225e+09,"_runtime":149.215485536,"_step":99,"_wandb":{"runtime":150},"train loss":0.24115735089337384,"val loss":0.32854461669921875}