{"train loss":0.6319549910933883,"val loss":0.5605042622884114,"_timestamp":1.737529541202222e+09,"_runtime":23.112759158,"_step":10,"_wandb":{"runtime":23}}