{"_timestamp":1.7375369425669153e+09,"_runtime":121.630731614,"_wandb":{"runtime":124},"_step":99,"train loss":0.22370189921061198,"val loss":0.30490203857421877}