{"train loss":0.439442541051794,"val loss":0.381777587890625,"_wandb":{"runtime":157},"_timestamp":1.7376237227629962e+09,"_runtime":156.944192724,"_step":99}