{"_step":68,"_wandb":{"runtime":71},"train loss":0.27999637632016783,"val loss":0.316728769938151,"_timestamp":1.737529824142563e+09,"_runtime":71.237970246}