{"_step":99,"_wandb":{"runtime":5300},"train loss":0.3909203807689525,"val loss":0.39715275065104166,"_timestamp":1.7376362817660856e+09,"_runtime":5280.946449204}