{"_wandb":{"runtime":340},"train loss":0.07886826239691841,"val loss":0.6500978597005208,"_timestamp":1.7376469131362653e+09,"_runtime":337.958262609,"_step":99}