{"_wandb":{"runtime":271},"_timestamp":1.7375293984015107e+09,"_runtime":256.015407647,"_step":99,"train loss":0.10161186854044596,"val loss":0.5707055460611979}