{"_runtime":385.030765661,"_step":99,"_wandb":{"runtime":386},"train loss":1.5836750307436342,"val loss":1.345334716796875,"_timestamp":1.7376407362233305e+09}