{"_wandb":{"runtime":136},"train loss":0.17891630836769387,"val loss":0.3413033447265625,"_timestamp":1.7376449144894152e+09,"_runtime":135.729163023,"_step":99}