{"train loss":0.003614178145373309,"val loss":0.7826021321614584,"_timestamp":1.7376454332544005e+09,"_runtime":320.791804693,"_step":99,"_wandb":{"runtime":322}}