{"val loss":0.30166757202148436,"_wandb":{"runtime":92},"_timestamp":1.7374881430918303e+09,"_runtime":83.014003983,"_step":99,"train loss":0.19978841852258752}