{"_step":149,"train loss":0.547089916087963,"val loss":0.4607650553385417,"_timestamp":1.7375279535020373e+09,"_runtime":368.706280427,"_wandb":{"runtime":372}}