{"_wandb":{"runtime":28},"train loss":0.6530476413302951,"val loss":0.5558741048177084,"_timestamp":1.7375297147444782e+09,"_runtime":27.276497977,"_step":13}