{"train loss":0.2536624755859375,"val loss":0.30184212239583336,"_timestamp":1.73763068399633e+09,"_runtime":168.139331581,"_step":99,"_wandb":{"runtime":169}}