{"_runtime":21.15239506,"_step":9,"train loss":0.6702593688964844,"val loss":0.5561462605794271,"_wandb":{"runtime":21},"_timestamp":1.7375271363330271e+09}