{"_step":149,"train loss":0.42662480107060186,"val loss":0.3809535725911458,"_timestamp":1.737528694551301e+09,"_runtime":349.79949532,"_wandb":{"runtime":352}}